site,name,price,url,sizes,availability,description
reformation,Patagonia Fisherman's Rolled Beanie,£ 38,https://www.thereformation.com/products/patagonia-fishermans-rolled-beanie/1303235MDD.html?dwvar_1303235MDD_color=MDD,OS Join the waitlist,in_stock,"Only available in the US. In case of going outdoors. The Fisherman's rolled beanie has stretchy ribbed fabric throughout so it fits just right without being too snug. It's made from 100% recycled, itch-free yarn which just means it's super warm and comfortable."
reformation,Patagonia Fisherman's Rolled Beanie,£ 38,https://www.thereformation.com/products/patagonia-fishermans-rolled-beanie/1303235MDD.html?dwvar_1303235MDD_color=CTB,OS Join the waitlist,in_stock,"In case of going outdoors. The Fisherman's rolled beanie has stretchy ribbed fabric throughout so it fits just right without being too snug. It's made from 100% recycled, itch-free yarn which just means it's super warm and comfortable."
reformation,Patagonia Fisherman's Rolled Beanie,£ 38,https://www.thereformation.com/products/patagonia-fishermans-rolled-beanie/1303235CTB.html?dwvar_1303235CTB_color=CTB,OS Join the waitlist,in_stock,"In case of going outdoors. The Fisherman's rolled beanie has stretchy ribbed fabric throughout so it fits just right without being too snug. It's made from 100% recycled, itch-free yarn which just means it's super warm and comfortable."
reformation,Patagonia Fisherman's Rolled Beanie,£ 38,https://www.thereformation.com/products/patagonia-fishermans-rolled-beanie/1303235CTB.html?dwvar_1303235CTB_color=MDD,OS Join the waitlist,in_stock,"Only available in the US. In case of going outdoors. The Fisherman's rolled beanie has stretchy ribbed fabric throughout so it fits just right without being too snug. It's made from 100% recycled, itch-free yarn which just means it's super warm and comfortable."
reformation,Patagonia Brodeo Beanie,£ 55,https://www.thereformation.com/products/patagonia-brodeo-beanie/1301253BLK.html?dwvar_1301253BLK_color=BLK,OS Low stock Join the waitlist,in_stock,Only available in the US. Pair your Ref with Patagonia. This beanie is made from warm 100% recycled wool and nylon blend so it's extra warm and snug. It has ribbing throughout that is super stretchy.
reformation,Patagonia Snowdrifter Beanie,£ 48,https://www.thereformation.com/products/patagonia-snowdrifter-beanie/1319314ORP.html?dwvar_1319314ORP_color=ORP,OS Join the waitlist,in_stock,In case of going outdoors. The Patagonia Snowdrifter Beanie is made from a recycled yarn. One part of a repeatable winter uniform.
reformation,Gift card,£ 58,https://www.thereformation.com/products/GIFT_CARD.html,Help,,© 2026 Reformation
nobodyschild,Digital Gift Card,,https://www.nobodyschild.com/products/digital-gift-card,"2 Reviews, SORT BY",in_stock,"Not sure what to choose? Our digital gift card is the perfect option. Delivered straight to their inbox, it lets them shop their favourite pieces whenever they like — for birthdays, thank yous or just because. Available in values from £10 to £200 Delivered to the recipient’s inbox for immediate gifting Redeemable online only Expires after one year, giving them plenty of time to choose what they love Edits after purchasing will not be possible, so please double check the recipient's details For further information, please see the FAQs."
nobodyschild,Black Floral Frill Sleeve Martha Midi Dress,,https://www.nobodyschild.com/products/black-floral-frill-sleeve-martha-midi-dress-d253346blk,"1 Review, SORT BY, 4, 6, 8, 10, 12, 14, 16, 18, Choose size, Prev, Next",in_stock,"Feeling floral. Black with white blooms and hints of green, this easy midi dress has a v-neck, fluttery sleeves and flows with ease. Day to night, she’s your dress."
nobodyschild,Pink Frill Sleeve Layla Midi Dress,,https://www.nobodyschild.com/products/pink-frill-sleeve-layla-midi-dress-d253350pnk,"22 Reviews, SORT BY, 4, 6, 8, 10, 12, 14, 16, 18, Choose size, Prev, Next",in_stock,This deep pink midi dress features a V-neckline and short ruffle sleeves. Underbust seams shape before falling to a relaxed silhouette.
nobodyschild,White Floral Starlight Midi Dress,,https://www.nobodyschild.com/products/white-floral-starlight-midi-dress-d253352wht,"23 Reviews, SORT BY, 4, 6, 8, 10, 12, 14, 16, 18, 20, 22, 24, Choose size, Prev, Next",in_stock,"Our iconic style: Starlight. Coming in white with NC florals, this puff sleeve midi dress features button front detailing that falls to a flowy, A-line shape. She's even got pockets."
nobodyschild,Cream Ditsy Floral Saffy Midi Dress,,https://www.nobodyschild.com/products/cream-ditsy-floral-saffy-midi-dress-d253354crm,"33 Reviews, SORT BY, 4, 6, 8, 10, 12, 14, 16, 18, Petite, Regular, Choose size, Prev, Next",in_stock,"A pretty dress with all the trimmings. Elevated with lace, pleats, and covered buttons, this cream midi dress pulls you in with its feminine, floral print. Its panelled waist falls into a floaty skirt with a front slit."
nobodyschild,Abstract Floral Bandeau Felicity Midi Dress,,https://www.nobodyschild.com/products/abstract-floral-bandeau-felicity-midi-dress-d250633mlt,"41 Reviews, SORT BY, 4, 6, 8, 10, 12, 14, 16, 18, Petite, Regular, Choose size, Prev, Next",in_stock,"Meet Felicity, the midi that flatters everyone. Coming in a vintage-inspired print, this bandeau dress features a pleated bodice that flares out into a full skirt with pockets."
nobodyschild,Green Polka Dot Adrian Midi Dress,,https://www.nobodyschild.com/products/green-polka-dot-adrian-midi-dress-d251957grn,"5 Reviews, SORT BY, 4, 6, 8, 10, 12, 14, 16, 18, Choose size, Prev, Next",in_stock,"Totally obsessed. Coming in a green polka dot print, our Adrian dress is designed with thick straps and sweet shoulder tie fastenings. Style yours with sandals, everywhere you go."
nobodyschild,Black Colorado Midi Dress,,https://www.nobodyschild.com/products/black-colorado-midi-dress-d251087blk,"1 Review, SORT BY, 4, 6, 8, 10, 12, 14, 16, 18, Choose size, Prev, Next",in_stock,"The everyday dress: Colorado. Made from contrasting fabrics, our black midi dress features a soft, fitted top and flows to a light, airy skirt. We love the bra-friendly straps and side pockets."
nobodyschild,Black Short Sleeve A-line Sarah Midi Dress,,https://www.nobodyschild.com/products/black-short-sleeve-a-line-sarah-midi-dress-d251010blu,"13 Reviews, SORT BY, 4, 6, 8, 10, 12, 14, 16, 18, Choose size, Prev, Next",in_stock,"Coming in classic black, we love the crew neck that’s balanced by an open scoop back. Plus the close fitting top that falls into a relaxed swishy skirt is a winner for every occasion."
nobodyschild,Red Bandeau Felicity Midi Dress,,https://www.nobodyschild.com/products/red-bandeau-felicity-midi-dress-d250468red,"7 Reviews, SORT BY, 4, 6, 8, 10, 12, 14, 16, 18, Regular, Petite, Choose size, Prev, Next",in_stock,"Meet Felicity, the midi that flatters everyone. Coming in red, this bandeau dress features a pleated bodice that flares out into a full skirt with pockets."
boody,Men's Everyday Boxer Briefs,$25.95 USD,https://www.boody.com/products/mens-everyday-boxer-briefs-ash,,,Comfortable elastic waistband that won't dig or slip. Double-layered pouch for gentle yet secure support. Lightweight design that won't ride up. Form fitting with plenty of room to stretch. Minimal silhouette for unrestricted comfort. Please note that this product has recently undergone a name change and was formerly known as the Men's Everyday Boxers.
boody,Sport Ankle Socks,$12.95 USD,https://www.boody.com/products/sport-ankle-socks-black,,,Introducing Boody's Sport Ankle Bamboo Socks in Black for Men & Women. Made comfy with Viscose fibre made from organically grown Bamboo. Arch compression for added support. No irritating toe seam for ultimate comfort. Breathable mesh panel wicks away moisture. Ankle tab keeps the sock up and creates a barrier against rubbing shoes. Comfortable yet tighter fit to reduce friction at your pressure points. Reinforced toe and heel for durability and longevity. Please note that our socks have recently undergone a name change. This is to better reflect their fit. These were previously named the Sports Socks.
princesspolly,Cleona Plunge Neck Bodysuit Black Polka,GBP £42.00 0 Reviews Plus Vat at Checkout QUALIFIES FOR FREE SHIPPING,https://us.princesspolly.com/products/cleona-plunge-neck-bodysuit-black-polka,"UK 4 / US 0, UK 6 / US 2, UK 8 / US 4, UK 10 / US 6, UK 12 / US 8, UK 14 / US 10, UK 16 / US 12, US 0, US 2, US 4, US 6, US 8, US 10, US 12",,"Bodysuit in polka-dot print with plunge neckline Mesh fabric, cowl, press button at base, cheeky bottoms, tie halter straps, low back Good stretch, fully lined Princess Polly Lower Impact Main: 95% reclaimed polyester 5% elastane, Lining: 95% polyester 5% elastane Cold gentle machine wash"
princesspolly,Reminisce Strapless Hardware Detail Top Black Sparkle,USD $45.00 0 Reviews,https://us.princesspolly.com/products/reminisce-strapless-hardware-detail-top-black-sparkle,"US 0, US 2, US 4, US 6, US 8, US 10, US 12",,"Knit top with hardware detail & strapless neckline Sparkle detail, silicon strip, gold-tone hardware, ruched, crop Good stretch, fully lined Princess Polly Lower Impact Main: 93% reclaimed polyester 7% elastane, Lining: 100% polyester Cold hand wash"
princesspolly,Pivot Active Zip Through Jacket Black,USD $75.00 QUALIFIES FOR FREE SHIPPING,https://us.princesspolly.com/products/pivot-active-zip-through-jacket-black,"US 0, US 2, US 4, US 6, US 8, US 10, US 12",,"Active jacket with zip-through & long sleeves High neckline, twin front pockets, slim-fit Good stretch, unlined Princess Polly Lower Impact 87% reclaimed polyamide 13% elastane Cold gentle machine wash"
princesspolly,Goldsmith Faux Leather Bomber Jacket Washed Dark Brown,USD $109.00 337 Reviews 30% OFF WITH CODE: 30TOP,https://us.princesspolly.com/products/goldsmith-faux-leather-jacket-washed-dark-brown,"US 0, US 2, US 4, US 6, US 8, US 10, US 12",,"Faux leather oversized bomber jacket Dark brown washed, classic collar, zip closure, twin hip pockets, ribbed waistband & cuffs Non-stretch, fully lined Main: 100% polyurethane Main Back: 100% polyester Lining: 100% polyester Cold gentle machine wash"
princesspolly,Bloom Long Sleeve Top Beige Stripe,USD $59.00 101 Reviews 30% OFF WITH CODE: 30TOP,https://us.princesspolly.com/products/bloom-long-sleeve-beige-stripe,"US 0, US 2, US 4, US 6, US 8, US 10, US 12",,"Oversized long sleeve top Stripe print, crew neckline with contrast detail, drop shoulders Good stretch, unlined 48% polyester 42% cotton 10% viscose Cold hand wash"
princesspolly,Karley Low Waist Mini Skirt Black,USD $39.00 485 Reviews,https://us.princesspolly.com/products/karley-low-waist-mini-skirt-black,"US 0, US 2, US 4, US 6, US 8, US 10, US 12",,"Low-waist Mini skirt Elasticated waistband, slim-fit Good stretch, unlined 65% rayon 30% nylon 5% elastane Cold gentle machine wash"
princesspolly,Yumiko Romper Brown Pinstripe,USD $65.00 23 Reviews QUALIFIES FOR FREE SHIPPING,https://us.princesspolly.com/products/yumiko-romper-brown-pinstripe,"US 0, US 2, US 4, US 6, US 8, US 10, US 12",,"Tie-back stripe romper Crew neckline, built-in shorts, invisible zip fastening at back Non-stretch material, fully lined Princess Polly Lower Impact Main: 92% polyester 5% elastane 3% cotton, Lining: 97% polyester 3% Elastane Cold gentle machine wash"
princesspolly,Valentia Tiered Mini Dress Black,USD $70.00 25 Reviews QUALIFIES FOR FREE SHIPPING,https://us.princesspolly.com/products/valentia-tiered-mini-dress-black,"US 0, US 2, US 4, US 6, US 8, US 10, US 12",,"Tiered strapless mini dress Corset style, inner boning, slim-fit, pleated hem, zip closure at back Non-stretch material, fully lined Princess Polly Lower Impact 70% reclaimed viscose 25% reclaimed polyamide 5% elastane Cold gentle machine wash"
princesspolly,Osment Long Sleeve Knit Mini Dress Cream,USD $79.00 35 Reviews QUALIFIES FOR FREE SHIPPING,https://us.princesspolly.com/products/osment-long-sleeve-knit-mini-dress-cream,"XS/S, S/M, M/L, L/XL",,"Knit long sleeve mini dress Boat neckline, flared sleeves, fitted shape Good stretch, unlined 65% acrylic 35% nylon Cold gentle machine wash"
princesspolly,Idalina Slouchy Chiffon Top Cream,USD $55.00 QUALIFIES FOR FREE SHIPPING,https://us.princesspolly.com/products/idalina-slouchy-chiffon-top-cream,"US 0, US 2, US 4, US 6, US 8, US 10, US 12",,"Woven chiffon top with a slouchy fit & long sleeves One shoulder, soft ruched detail, fitted ribbed waist, drop shoulders, elasticated cuffs Partially stretched, partially lined Princess Polly Lower Impact Main 1: 100% reclaimed polyester, Main 2: 95% reclaimed cotton 5% spandex Cold hand wash"
princesspolly,Orelie Layered Knit Top Multi,USD $55.00 0 Reviews QUALIFIES FOR FREE SHIPPING,https://us.princesspolly.com/products/orelie-layered-knit-top-multi,"US 0, US 2, US 4, US 6, US 8, US 10, US 12",,"Layered knit top with button detail Collared, scoop neckline, cap sleeves Good stretch, partially lined Princess Polly Lower Impact Main: 95% reclaimed cotton 5% elastane, Lining: 50% cotton 50% polyester Cold gentle machine wash"
princesspolly,Ashlinn Off Shoulder Long Sleeve Drapey Top White,USD $55.00 0 Reviews QUALIFIES FOR FREE SHIPPING,https://us.princesspolly.com/products/ashlinn-off-shoulder-long-sleeve-drapey-top-white,"US 0, US 2, US 4, US 6, US 8, US 10, US 12",,"Knit top with draped detail & an off-shoulder neckline Elasticated waist, soft ruched detail, long sleeves Good stretch, partially lined Princess Polly Lower Impact 92% reclaimed viscose 8% elastane Cold gentle machine wash"
princesspolly,Baseline Rib Capri Pants Chocolate,USD $44.00,https://us.princesspolly.com/products/baseline-rib-capri-pants-chocolate,"US 0, US 2, US 4, US 6, US 8, US 10, US 12",,"Pants in ribbed detail & capri-style fit Lace trim detail, elasticated waist, mid-rise fit Good stretch, unlined Princess Polly Lower Impact 95% reclaimed cotton 5% elastane Cold gentle machine wash"
princesspolly,Evani Sheer Chiffon Midi Skirt Polka Maroon,USD $61.00 QUALIFIES FOR FREE SHIPPING,https://us.princesspolly.com/products/evani-sheer-chiffon-midi-skirt-polka-maroon,"US 2, US 4, US 6, US 8, US 10, US 12, US 14",,"Sheer chiffon midi skirt in polka-dot print Elasticated waistband, lace trim detail, velvet-like polka-dot details Non-stretch material, unlined 100% polyester Cold hand wash"
princesspolly,Baseline Low Rise Rib Shorts Black,USD $39.00 73 Reviews,https://us.princesspolly.com/products/baseline-low-rise-rib-shorts-black,"US 0, US 2, US 4, US 6, US 8, US 10, US 12",,"Low-rise ribbed Shorts Folded-over waist detail, micro fit Good stretch, unlined Princess Polly Lower Impact 95% organic cotton 5% spandex Length of size US 2 / AU 6 waist to hem: 24cm / 9.4in"
princesspolly,Jaxton Faux Leather Jacket Brown,USD $109.00 QUALIFIES FOR FREE SHIPPING,https://us.princesspolly.com/products/jaxton-faux-leather-jacket-black,"XS/S, S/M, M/L, L/XL",,"Oversized collared faux leather jacket Exposed stitching detail, button-up & zip closure, twin hip pockets, ribbed waistband, drop shoulders, buttoned cuffs, snap back button detail Non-stretch material, fully lined Main: 100% pu Back: 58% polyester 42% lyocell Lining: 100% polyester Wipe down outer garment with damp cloth"
princesspolly,Ryanna Sweater Beige,USD $65.00 190 Reviews QUALIFIES FOR FREE SHIPPING,https://us.princesspolly.com/products/recycled-fibers-ryanna-sweater-beige,"US 0, US 2, US 4, US 6, US 8, US 10, US 12",,"Oversized knit sweater Crew neckline, ribbed detail, drop shoulders Good stretch, unlined Princess Polly Lower Impact 97% reclaimed polyester 3% elastane Cold gentle machine wash"
princesspolly,Brienna Zip Jacket Navy,USD $69.00 33 Reviews QUALIFIES FOR FREE SHIPPING,https://us.princesspolly.com/products/brienna-zip-jacket-navy,"XS/S, S/M, M/L, L/XL",,"Oversized hooded jacket Stripe print, drawstring detail, zip-up closure, twin front pockets, drop shoulders Good stretch, unlined Princess Polly Lower Impact 70% reclaimed polyester 30% acrylic Cold gentle machine wash"
princesspolly,Salazar Longline Belted Trench Coat Chocolate Brown,USD $125.00 0 Reviews QUALIFIES FOR FREE SHIPPING,https://us.princesspolly.com/products/salazar-longline-belted-trench-coat-chocolate-brown,"US 0, US 2, US 4, US 6, US 8, US 10, US 12",,"Longline trench coat with belted detail Faux leather, lapel collar, button closure, twin hip pockets, drop shoulders, oversized Non-stretch material, fully lined Main: 55% polyester 45% PU, Lining: 100% polyester Wipe down outer garment with damp cloth"
whitefoxboutique,E-GIFT CARD,,https://www.whitefoxboutique.com/products/gift-card,,in_stock,Copy the link below to share your wishlist with friends and family
whitefoxboutique,Safa Slippers Latte,$49.99 USD,https://www.whitefoxboutique.com/products/safa-slippers-latte,,in_stock,Copy the link below to share your wishlist with friends and family
whitefoxboutique,Gino Mules Chocolate Faux Suede,$69.99 USD,https://www.whitefoxboutique.com/products/gino-mules-chocolate-faux-suede,,in_stock,Copy the link below to share your wishlist with friends and family
whitefoxboutique,Grayson Slippers Chestnut,$69.99 USD,https://www.whitefoxboutique.com/products/grayson-slippers-chestnut,,in_stock,Copy the link below to share your wishlist with friends and family
whitefoxboutique,In My Moment Knee High Boots Chocolate Faux Suede,$84.99 USD,https://www.whitefoxboutique.com/products/in-my-moment-knee-high-boots-chocolate-faux-suede,,in_stock,Copy the link below to share your wishlist with friends and family
whitefoxboutique,Bubbles & Foxy Friends,$29.99 USD,https://www.whitefoxboutique.com/products/bubbles-foxy-friends,,in_stock,Copy the link below to share your wishlist with friends and family
whitefoxboutique,Sunshine Serenade Mini Dress Red,$74.99 USD,https://www.whitefoxboutique.com/products/sunshine-serenade-mini-dress-red,,in_stock,Copy the link below to share your wishlist with friends and family
whitefoxboutique,Iconic Duo Knit Cami Top Navy/Cream Gingham,$44.99 USD,https://www.whitefoxboutique.com/products/iconic-duo-knit-cami-top-navy-cream-gingham,,in_stock,Copy the link below to share your wishlist with friends and family
whitefoxboutique,Vol. 1 Cropped Zip Front Hoodie Posy,$59.99 USD,https://www.whitefoxboutique.com/products/vol-1-cropped-zip-front-hoodie-posy,,in_stock,Copy the link below to share your wishlist with friends and family
whitefoxboutique,Nobody's Watching Long Sleeve Top Black,$54.99 USD,https://www.whitefoxboutique.com/products/nobodys-watching-long-sleeve-top-black,,in_stock,Copy the link below to share your wishlist with friends and family
whitefoxboutique,Love You Forever Baby Tee Pink,$39.99 USD,https://www.whitefoxboutique.com/products/love-you-forever-baby-tee-pink,,in_stock,Copy the link below to share your wishlist with friends and family
whitefoxboutique,Bueno Beaded Top Chocolate,$59.99 USD,https://www.whitefoxboutique.com/products/bueno-beaded-top-chocolate,,in_stock,Copy the link below to share your wishlist with friends and family
whitefoxboutique,Let It Go Strapless Bustier Midnight Leopard,$59.99 USD,https://www.whitefoxboutique.com/products/let-it-go-strapless-bustier-midnight-leopard,,in_stock,Copy the link below to share your wishlist with friends and family
whitefoxboutique,Brat Girl Summer Tank White,$49.99 USD,https://www.whitefoxboutique.com/products/brat-girl-summer-tank-white,,in_stock,Copy the link below to share your wishlist with friends and family
whitefoxboutique,With Love Always Oversized Hoodie Baby Pink,$69.99 USD,https://www.whitefoxboutique.com/products/with-love-always-oversized-hoodie-baby-pink,,in_stock,Copy the link below to share your wishlist with friends and family
whitefoxboutique,Bring The Style Low Rise Wide Leg Jeans Dark Indigo,$79.99 USD,https://www.whitefoxboutique.com/products/bring-the-style-low-rise-wide-leg-jeans-dark-indigo,,in_stock,Copy the link below to share your wishlist with friends and family
whitefoxboutique,Disco Ball Embellished Mini Dress Wine,$99.99 USD,https://www.whitefoxboutique.com/products/disco-ball-embellished-mini-dress-wine,,in_stock,Copy the link below to share your wishlist with friends and family
whitefoxboutique,Roll Call Ribbed Long Sleeve Top Grey Marle,$49.99 USD,https://www.whitefoxboutique.com/products/roll-call-ribbed-long-sleeve-top-grey-marle,,in_stock,Copy the link below to share your wishlist with friends and family
whitefoxboutique,Vanilla Sugar Hair & Body Mist,$14.99 USD,https://whitefoxboutique.com/products/hair-body-mist,,in_stock,Copy the link below to share your wishlist with friends and family
whitefoxboutique,Vol 1. Tote Bag Set,$79.99 USD,https://whitefoxboutique.com/products/vol-1-tote-bag,,in_stock,Copy the link below to share your wishlist with friends and family
organicbasics,Virtual Gift Card,Destination Shipping method Delivery time Price Free above,https://www.organicbasics.com/products/virtual-gift-card,Find my size,in_stock,"Strictly necessary cookies help make a website navigable by activating basic functions such as page navigation and access to secure website areas. Without these cookies, the website would not be able to work properly."
organicbasics,Core Casual Bucket Hat,Destination Shipping method Delivery time Price Free above,https://www.organicbasics.com/products/core-casual-bucket-hat-azure-blue?_pos=1&_sid=4a2d6f19d&_ss=r,Find my size,,"Strictly necessary cookies help make a website navigable by activating basic functions such as page navigation and access to secure website areas. Without these cookies, the website would not be able to work properly."
organicbasics,Core Casual Bucket Hat,Destination Shipping method Delivery time Price Free above,https://www.organicbasics.com/products/core-casual-bucket-hat-black?_pos=2&_sid=4a2d6f19d&_ss=r,Find my size,,"Strictly necessary cookies help make a website navigable by activating basic functions such as page navigation and access to secure website areas. Without these cookies, the website would not be able to work properly."
organicbasics,Core Casual Bucket Hat,Destination Shipping method Delivery time Price Free above,https://www.organicbasics.com/products/core-casual-bucket-hat-sandstone?_pos=3&_sid=4a2d6f19d&_ss=r,Find my size,,"Strictly necessary cookies help make a website navigable by activating basic functions such as page navigation and access to secure website areas. Without these cookies, the website would not be able to work properly."
organicbasics,Core Triangle Bralette,Destination Shipping method Delivery time Price Free above,https://www.organicbasics.com/products/womens-core-triangle-bralette-petal-pink?_pos=4&_sid=4a2d6f19d&_ss=r,Find my size,,"Strictly necessary cookies help make a website navigable by activating basic functions such as page navigation and access to secure website areas. Without these cookies, the website would not be able to work properly."
organicbasics,Core Triangle Bralette,Destination Shipping method Delivery time Price Free above,https://www.organicbasics.com/products/womens-core-triangle-bralette-black?_pos=5&_sid=4a2d6f19d&_ss=r,Find my size,,"Strictly necessary cookies help make a website navigable by activating basic functions such as page navigation and access to secure website areas. Without these cookies, the website would not be able to work properly."
organicbasics,Core Triangle Bralette,Destination Shipping method Delivery time Price Free above,https://www.organicbasics.com/products/womens-core-triangle-bralette-marshmallow-pink?_pos=6&_sid=4a2d6f19d&_ss=r,Find my size,,"Strictly necessary cookies help make a website navigable by activating basic functions such as page navigation and access to secure website areas. Without these cookies, the website would not be able to work properly."
organicbasics,Core Singlet,Destination Shipping method Delivery time Price Free above,https://www.organicbasics.com/products/womens-organic-cotton-stretch-singlet-black?_pos=7&_sid=4a2d6f19d&_ss=r,Find my size,,"Strictly necessary cookies help make a website navigable by activating basic functions such as page navigation and access to secure website areas. Without these cookies, the website would not be able to work properly."
organicbasics,Core Singlet,Destination Shipping method Delivery time Price Free above,https://www.organicbasics.com/products/womens-organic-cotton-stretch-singlet-grey-melange?_pos=8&_sid=4a2d6f19d&_ss=r,Find my size,,"Strictly necessary cookies help make a website navigable by activating basic functions such as page navigation and access to secure website areas. Without these cookies, the website would not be able to work properly."
organicbasics,Core Triangle Bralette,Destination Shipping method Delivery time Price Free above,https://www.organicbasics.com/products/womens-core-triangle-bralette-hazelnut?_pos=9&_sid=4a2d6f19d&_ss=r,Find my size,,"Strictly necessary cookies help make a website navigable by activating basic functions such as page navigation and access to secure website areas. Without these cookies, the website would not be able to work properly."
organicbasics,True Knit Sweater,Destination Shipping method Delivery time Price Free above,https://www.organicbasics.com/products/true-knit-sweater-almond?_pos=10&_sid=4a2d6f19d&_ss=r,Find my size,,"Strictly necessary cookies help make a website navigable by activating basic functions such as page navigation and access to secure website areas. Without these cookies, the website would not be able to work properly."
organicbasics,Core Singlet,Destination Shipping method Delivery time Price Free above,https://www.organicbasics.com/products/womens-organic-cotton-stretch-singlet-white?_pos=11&_sid=4a2d6f19d&_ss=r,Find my size,,"Strictly necessary cookies help make a website navigable by activating basic functions such as page navigation and access to secure website areas. Without these cookies, the website would not be able to work properly."
organicbasics,Everyday Regular Long Sleeve Tee,Destination Shipping method Delivery time Price Free above,https://www.organicbasics.com/products/womens-everyday-regular-long-sleeve-tee-black?_pos=12&_sid=4a2d6f19d&_ss=r,Find my size,,"Strictly necessary cookies help make a website navigable by activating basic functions such as page navigation and access to secure website areas. Without these cookies, the website would not be able to work properly."
organicbasics,Core Play String Bikini Briefs,Destination Shipping method Delivery time Price Free above,https://www.organicbasics.com/products/womens-core-play-string-bikini-briefs-black?_pos=13&_sid=4a2d6f19d&_ss=r,Find my size,,"Strictly necessary cookies help make a website navigable by activating basic functions such as page navigation and access to secure website areas. Without these cookies, the website would not be able to work properly."
organicbasics,Core Singlet,Destination Shipping method Delivery time Price Free above,https://www.organicbasics.com/products/womens-organic-cotton-stretch-singlet-soft-blush?_pos=14&_sid=4a2d6f19d&_ss=r,Find my size,,"Strictly necessary cookies help make a website navigable by activating basic functions such as page navigation and access to secure website areas. Without these cookies, the website would not be able to work properly."
organicbasics,True Regular Tee,Destination Shipping method Delivery time Price Free above,https://www.organicbasics.com/products/womens-true-regular-tee-white?_pos=15&_sid=4a2d6f19d&_ss=r,Find my size,,"Strictly necessary cookies help make a website navigable by activating basic functions such as page navigation and access to secure website areas. Without these cookies, the website would not be able to work properly."
organicbasics,Everyday Regular Long Sleeve Tee,Destination Shipping method Delivery time Price Free above,https://www.organicbasics.com/products/womens-everyday-regular-long-sleeve-tee-white?_pos=16&_sid=4a2d6f19d&_ss=r,Find my size,,"Strictly necessary cookies help make a website navigable by activating basic functions such as page navigation and access to secure website areas. Without these cookies, the website would not be able to work properly."
organicbasics,Pointelle Thong,Destination Shipping method Delivery time Price Free above,https://www.organicbasics.com/products/womens-pointelle-thong-black?_pos=17&_sid=4a2d6f19d&_ss=r,Find my size,,"Strictly necessary cookies help make a website navigable by activating basic functions such as page navigation and access to secure website areas. Without these cookies, the website would not be able to work properly."
organicbasics,Everyday Scoop Neck Long Sleeve Tee,Destination Shipping method Delivery time Price Free above,https://www.organicbasics.com/products/womens-everyday-scoop-neck-long-sleeve-tee-black?_pos=18&_sid=4a2d6f19d&_ss=r,Find my size,,"Strictly necessary cookies help make a website navigable by activating basic functions such as page navigation and access to secure website areas. Without these cookies, the website would not be able to work properly."
organicbasics,Core Triangle Bralette,Destination Shipping method Delivery time Price Free above,https://www.organicbasics.com/products/womens-core-triangle-bralette-seaweed?_pos=19&_sid=4a2d6f19d&_ss=r,Find my size,,"Strictly necessary cookies help make a website navigable by activating basic functions such as page navigation and access to secure website areas. Without these cookies, the website would not be able to work properly."
